ulasan,label
"sudah dua kali lho kurirnya menggagalkan. Kasih tau lah siapa kurirnya dan nomor WA nya biar cepat tepat pengiriman nya jadi bisa diminimalisir paket paket yang dikembalikan dan tepat sasaran, mana tau pas nggak ada orang di rumah alamat tujuan. Kayak aplikasi sebelah bisa kita tau kurirnya siapa dan WA nya jadi tepat sasaran.Kurir pun seenaknya membatalkan pengiriman",1
"Aplikasi yg sangat membantu saat membutuhkan barang keperluan, tampilan bagus serba mudah & familiar, banyak promo. Jaminan kurir tepat waktu, ongkir gratis pula. Pokok'e Shopee is the best'lah...",5
"Jujur dari banyaknya aplikasi belanja, shopee paling OKE sih. Terlebih dengan kemudahan seperti SPayLater dan SPinjam yang memudahkan para manusia yang suka belanja seperti saya haha (walaupun SPinjam saya gak pernah di ACC). Cuma entah kenapa limit SPayLater saya tidak pernah naik dari awal guna, padahal saya tertib (bayar lebih awal dari tanggal jatuh tempo). Tapi karena sudah pakai berbulan bulan dan limit SPayLater gak naik naik, jadi sekarang saya malas bayar tepat waktu.",4
"System automatis ""cod"" bisa menjebak pembeli karena apps lambat respon. Tau tau sudah masuk belanjaan dipesan... Di Tokopedia tidak seperti itu. 19 05 2024: respon aplikasi lambat banget, bukan karena internetnya. Contohnya: ""ngitung"" nilai belanjaan yang dipilih, lalot banget... Sekali lagi aplikasi Tokopedia unggul.",1
"Shopee performanya menurun sih kalau menurutku, suka nglag, terkadang gambar gak muncul, loading ya masya allah lama. Terus app ya semakin berat, jadi lemot mau CO padahal sinyal OK. Tapi, barang yang dipesan alhamdulillah selalu sesuai waktu dan selama di shopee juga ketemu kurir yang bagus dan baik semua.",4
"Yang paling menjengkelkan dari Shopee itu selalu muncul halaman ""Sedang Downloading, Kami sedang memuat fitur, mohon tunggu sebentar"" saat proses transaksi, seharian juga gitu terus. Padahal aplikasi sudah update terbaru, koneksi wifi kencang, Ram Rom hape lega. Makin lama makin payah!!!",1
"Belanja pake shopipay later, awalnya cicilan 26 ribuan tapi pas udah dibayar, cicilan jadi 35 ribuan, pas dichat, alasannya 26 ribuan itu simulasi, tapi kenapa nilai 35 ribuan itu tidak muncul sebelum saya pencet pin pembayaran. Beda sekali dengan gopay later. Semua jelas sampe titik terakhir bayar. Ngga transparan, menakutkan bertransaksi dengan sopilater. Ngga nyaman. Kayaknya ini saya terakhir transaksi. Ngga berani lagi pake shopipay later.",1
"Aplikasi sangat jelek dan merugikan seklai, mulai dari barang di cencel sepihak dari aplikasi, trus pengirim shopee expres jelek sekali, saya pilih yg reguler pekat saya gak sampe sempe malah di cancel pihak shopee,, pusat bantuan gak membantu sama sekali dan gak kasih solusi yg pasti. Terus nomor hp kadang tertulis sudah di gunakan pas login gak bisa.. saran saya hapus aja applikasi ini..",1
"1. Performa aplikasi pada hp ram 4gb lag, freeze dan kadang error pdhl app sebelah lancar hanya shopee saja yg masalah seperti ini. 2. Jaminan jika pesanan tidak sampai tepat waktu diberi voucher hanya sekedar janji, 3x chat cs diminta ini itu masih tidak dapat penyelesaian dan voucher tidak didapatkan, jika memang hanya marketing lebih baik jgn menjanjikan konsumen dengan hal yg tidak jelas",1
"1. Di mode keranjang saya, mohon supaya dilengkapi dengan mode pencarian produk, sehingga tdk selalu harus scroll satu persatu ke bawah. 2. Perbanyak voucher potongan harga 3. Nilai satu koin 1 rupiah terlalu receh, ganti konversi 1 koin seribu rupiah sprti diwarung hijau.",5
"sdh lama pk market place ini, tp kenapa bbrp hari belakangan selalu buffering kl dibuka riwayat pesanan atau apapun yg melaui data pribadi ya? saya cek tdk ada pembaruan apps, tp lemot bingit, malah sering error, why???",3
"saya pikir, Shopee sudah memperbaiki sistem/cara kerjanya, ternyata belum 2022 saya belanja di shope, kapok karena pengiriman lama, sekarang saya coba lagi belanja di shopee. ternyata tidak ada perubahan, resi gak update, pengiriman lelet. PARAH",1
"Haloooo , shopee tolong di perbaiki jasa pengirimanmu SPX kurirnya pada gak jelas semua kalau belum bisa punya kurir sendiri jangan maksa alamat saya udah benar tidak ada yang berubah selama ini saya pakai alamat ini kenapa malah alamat tidak lengkap , pengiriman telat dari jadwal terus , bagusan dulu yang banyak pilihan opsi expedisi",1
"Aplikasi nggak bisa dibuka, tiap mau masuk tampilan apk shopee hilang timbul dari orange ke hitam Ini gimana mau buka apk coba, nggak bisa masuk, udah 3x instal ulang, tapi permasalahan masih sama. Udah cek semua apk, tapi nggak ada yg bermasalah. Cuman apk shopee yg error Bahkan udah di instal ulang setelah sehari di un instal masih error",2
"kembalikan pilihan ekspedisi/jasa kirim seperti sebelumnya yang pembeli bisa pilih sendiri sesuka hati, karena kami yang lebih tau jasa kirim yang bagus di tempat kami, bukan hanya pilihan reguler atau hemat saja. jangan murah hanya kalau pake paylater aja kalau dihitung-hitung sama saja biaya yg dikeluarkan tidak lebih murah.",1
"Banyak toko fiktif, ada garansi padahal tapi uang gak bisa balik, bisa bisanya saya kena tipu 2x dalam sehari dari toko yang beda, barang harga 300an lapor customer service dibilang uang gak bisa balik, PADAHAL ADA GARANSI!, plis lah shoppe gak ada peningkatan dari dulu, udah 4 tahun gak make karna dikecewain sama pelayanan dulu baru balik make langsung kena tipu.",1
"Ya namanya belanja sering pas! Pas bener ya bener, dari puluhan kali belanja 1,2 atau 3 kali pernah kecewa, lanjut tindak lanjuti penjual nakal agar sopie semakin dipercaya dan kehawatiran pembeli semakin gak ada Nex semakin banyak masyarakat yg menggunakan aplikasi ShopieğŸ™ğŸ™ğŸ™ğŸ™",5
"Sangat sulit untuk memilih opsi menggunakan jasa pengiriman ( kurir ). Saya selalu diarahkan pake jnt. Dan jnt sangat buruk kinerjanya. Mohon aplikasi Shopee diperbaiki supaya mudah & bebas memilih jasa kurir. Saya mohon segera permudah opsi pemilihan kurir, seperti aplikasi hijau yg praktis & mudah.",1
"Semakin kesini app shopee semakin buruk, Tidak bisa nonton shopee live & shopee video. Sering macet juga, ketika sudah melakukan pencarian barang lebih dari 2 menit, macet lagi dan lagi. Tolong donk programmernya diperbaiki appnya, Sekelas shopee yg uda go internasional masak appnya buruk sekali, buat yang lebih ringan agar mudah diakses dan nggak berat di semua handphone",1
"Hutang cuma 100rb, tapi sudah di bayar, tapi paylater masih di bekukan sampe hampir mau 2 tahun, dasar deh Setiap di tanya ke CS nanti tunggu aja ka, 2 minggu lagi bakalan aktif lagi kok,eh ini hampir 2 tahun akun paylater masih di bekukan, dan dampaknya ke semua aplikasi lain, nama saya jadi jelek, gara2 hutang cuma 100 ribu, itu juga telat bayar,bukan ga di bayar . Kebijakan yg sangat buruk",1
"Sangat Kecewa Banget, ""informasi pengiriman"" tidak bisa diubah. Seakan-akan pemaksaan yaitu harus ekspedisi pengiriman melalui ""SPX Standard"", jadi tidak bisa diubah. Bintang 1 ini artinya untuk menilai betapa lemot, lalai dan lama banget barang pesanan sampai tujuan dgn menggunakan SPX Standard. â­",1
"Paket gw ga jelas kemana rimba nya. Pake ekspedisi SPX, keterangan udh dibawa kurir, kurir yg mana ga jelas. Bikinlah aplikasi khusus buat ekspedisi SPX. Setidaknya UI nya mirip-mirip sm jnt, biar gampang pick up, tracking, smp kontak kurir yg antar paket. Mau jd e-comerce nomor 1 di Indonesia mah jgn nanggung-nanggung, min.",3
"Kondisi internet wifi/data seluler sangat sangat sangat baik, memori tidak penuh tapi entah kenapa aplikasi shopee sangat ngelag... saya buka apk toko online sebelah tidak apa apa. LALUUU... saat ada voucher 5 menit, saya sudah stay 5 menit sebelum mulai, saat di refresh malah layar area voucher putih setelah selesai loading dan malah baru muncul setelah waktu habisğŸ¤¨ğŸ˜­ğŸ¤¯ mohon untuk perbaikan lag dan masalah yg saya alami kedua itu. Banyak pengguna yg mengeluh karna lag/lemot pada shopee..ğŸ˜ªğŸ˜ª",1
Jujur saya dulu gak suka belanja dishopee apalagi banyak iklan juga dimana mana.. Ternyata perkiraan selama ini salah.ternyata lebih nyaman di shopee daripada apk sebelah.lebih lengkap semuanya di shopee dan saya sangat puas belanja di shopee apalagi belanja part otomotif sangat memuaskan Terimakasih SHOPEE,5
"Aplikasi banyak ngebug'nya, kadang layarnya putih doang, kadang item doang, kadang enggak bisa di klik sama sekali, mana lama banget, yang tadinya lagi asik milih barang pas mau liat malah ngebug, bukannya happy malah emosi!!",2
"Teman saya mengonfirmasi kalau dia membeli 3 jenis barang dari link affiliate yang saya bagikan,dia juga ada buktinya. Tapi setelah saya cek cuman 1 yang komisinya masuk. Aneh yah shopee ini. Edit, nggak ada satupun jawaban mu yg termasuk. Semuanya pesanannya valid dan resmi. Kalau gak bener mah gak bener aja.",1
Aplikasi belanja yang berat suka ngelag padahal ram handphone saya 8gb. Buka aplikasi lain lancar. Pas buka Shopee kelamaan liat liat suka ngelag aplikasi nya susah di kembaliin nya. Trus pengiriman juga makin lama. Pelanggan itu pengen pengiriman yang cpet. Ngapain ada garansi pengiriman fungsi nya apa kalo bikin lama.,1
"Parah. Nyimpan video di draft malah gak bisa dibuka, edit, posting atau hapus. Tiap di klik muncul keterangan ""dalam posting"". Tanya CS katanya suruh clear cache. Dah dilakuin bahkan dah update aplikasi masih saja error gak hilang. Katanya diminta rekam pakai aplikasi langsung. Tapi kalau error gini buang waktu tenaga dong.",1
"Setelah di perbarui malah sering ngelag. Buka aplikasi bukannya beranda yang pertama x muncul tapi mlh video live. Kadang udah klik beranda eh suara video masih ada aja. Klo mau liat video/foto review dari orang juga susah banget ga langsung kebuka sampe lama,pampilannya jadi aneh. Buruklah tampilan setelah diperbaharui,mending balikin kaya dulu lagi aja.",2
"Aplikasi nya sdh bagus hanya kalau pakai wifi dan tidak pernah erooor lagi. Tapi kalau pakai paket internet HP lemotnya poll. Sepertinya aplikasi ini masih perlu diperbaiki dan lebih diringankan lagi. Saya sdh lama dan dari awal jadi member Shopee, mau memberi masukan tapi sulitnya minta ampun di CS nya yg selalu masuk ke mesin penjawqb",5
"Bug parah aplikasi close sendiri, udah coba clear cache, logout login masih saja bug tidak berfungsi. Sudah update versi terbaru juga masih bug. Tolong diperbaiki aplikasinya. Yang mengalami bukan saya sendiri saja, banyak pengguna lain juga yang kenah bug.",1
"Aplikasi terbaru ada pengembalian barang, pilih alasan (rusak) tp tidak bisa di konfirmasi yang bisa hanya alasan yg tidak dengan yg terjadi pada pesanan saya. Tolong jangan merugikan pembeli. Kalo saya pilih alasan laen ya pasti di tolak untuk pengembalian barang. JelasÂ² pas unboxing ke adaang barang rusak. Minta solusi ke pada admin shopee, kalo gak bisa di balikin dengan memilih alasan barang ( rusak) ya mending di buat seperti dulu aja gak ribet.",1
"Diperbaharui malah jelek, masuk aplikasi langsung disambut live dan nggk bisa di off kan walaupun klik menu lain. Dan pas di exit juga masih terdengan suara live nya sampai aplikasi harus dikeluarkan dari latar belakang. Tolong diperbaiki..!!",1
"Untuk menu lacak waktu pengantaran tolong diupgrade. Di aplikasi paket menuju alamat tapi ditunggu dari pagi sampai sore gak ada, liat di maps uda dekat kirain paling lama sejam ternyata bisa 10 jam. Kadang kita uda keluar buat aktifitas lain, baru tu tiba-tiba malam paketnya sampai alamat.",4
"Aplikasi bagus, cuma pelayanan dan pengiriman spx si, masa status dari kemarin gak berubah, tinggal sedikit lagi sampai malah stack di gudang, mana itu gudang dekat sama tujuan. Memang ada garansi, tapi barang mau segera digunakan trus apa gunanya voucher 10.000? Bagi sebagian orang mungkin suka, tapi bagi saya pribadi itu tidak penting, karena harusnya ketika mendesak cs bisa mengupayakan menghubungi expedisi untuk segera memprosesnya. Kok malah lebih baik LEX ID, gak kompeten banget kecewalah",1
Salah satu aplikasi belanja yang bagus dan sering ngasih promo dari segi pengiriman barang cukup cepat karena memiliki kurir sendiri. Kelebihan lain Shopee memiliki fitur penunjang belanja seperti paylater dan COD untuk mempermudah proses pembayaran (kalau penggunaannya bener kalau nggak ya malah menyusahkan). kekurangannya mungkin cukup berat dari segi spek khususnya untuk HP kentang dan HP tua.,4
"bagus, membantu, tp lemot bgt performa dr aplikasinya, terlalu banyak fitur tp performa aplikasi ga di upgrade alhasil lemot. contoh kecil, pas buka keranjang trs mau ceklis barang untuk ke step checkout itu bener"" lama banget respon dr ceklisnya muncul. Udah berapa kali hapus cache, update apk, dan hp pun udh spek high. Tolong buat developer nya di upgrade performa dr aplikasi ini.",2
"Saya suka dengan aplikasi shopee, kita dapat berbelanja dengan mudah, namun sering banget kalo make wifi dia ga bisa dibuka,""sedang membuat halaman baru""kenapa gitu mulu ya, jdi orgÂ² yang pasang wifi dirumah kesulitan banget,tapi wktu make data seluler dia lancar banget,kenapa gitu ya?, mohon agar dapat diperbaiki ya trmksh",3
"Aplikasi terlalu berat, sering macet saat dibuka dengan device prosesor Snapdragon 685, kupikir BUG, saya coba buka di device lain yang prosesornya Snapdragon 870 barulah lancar. Aplikasinya berat sekali cuy, hp kentang sampe panas kek mau mledak.",2
"Terlalu berteletele, ribet, dan sering diminta mengirimkan file yang sama untuk memimta aktivasi kembali akun yang sempat di blokir (karena HP hilang). Lelet, permasalahan tidak selesai +- sudah 20 hari. Semoga kedepannya lebih baik dalam pelayanan",1
"Ekspedisi dari Shopee (SPX) kacau, udh nyampenya lama, barang hilang, mana kadang diretur sama kurir tanpa konfirmasi. Daftar alamat kantor ekspedisi di google banyak banget, tapi pas didatengin kantornya kayak siluman. Ngasih fasilitas ekspedisi gak abal-abal gitu juga kali.",1
"Performa jelek tidak seperti kompetitornya, sering sekali terjadi delay pada aplikasi sehingga sangat menggangu ketika ingin mencari produk, serta memuat gambar membutuhkan waktu yang sangat lama padahal internet yang saya pakai sedang lancar, menjalankan aplikasi serasa menjalankan website, lambat sekali",1
"Sekarang ini mengapa kalo buka aplikasi shopee kok langsung masuk ke live, bukan ke beranda. Bagaimana settingannya agar bisa seperti dulu, masuk langsung ke beranda aja. Ini serasa buka tiktok aja. terlalu ramai, Kurang nyaman.",1
"Saya ga ngerti kenapa Shopee membuat byk sekali fitur yg ga penting, semakin byk sistem semakin sering ngelag. Belum lagi punya shopeefood tapi ga di update kualitasnya masih kurang byk driver maupun mitra kerjanya. Cukup mengecewakan saya sudah pesan makanan dari sebelum rush hour dan 4 kali dibatalkan sistem karena tidak ada driver, ini yg mau makan udh keburu Aslam duluan. Lain kali sebelum menambah fitur yg lain tolong tingkatkan kualitasnya terlebih dahulu.",1
"kenapa setelah update malah semakin lag dan banyak bug? padahal jaringan bagus dan setelah saya refresh pun tidak berubah, mohon untuk segera di perbaiki masalah loading yang dapat menghambat saya dalam berbelanja dan melakukan transaksi, semoga secepatnya shopee akan lebih lancar dan mengurangi bug, jika sudah diperbaiki saya akan mengubah ulasan iniâœ¨ï¸terimakasih developerâœ¨ï¸",2
"Very goods. Catatan: jika banyak penilaian jelek terhadap sebuah toko, sebaiknya toko tersebut diberi peringatan. Jika masih membandel maka diblokir aja. Plus agar ducantumkan nomor WA kurir yang membawa pesanan, agar mudah komunikasi, krn banyak pelanggan yang serimg tidak ditempat saat kurir datang.",5
"Diawal2 punya Spaylater bayar pulsa pke Spaylater bisa, sekarang jadi gak bisa, padahal udah di chat CS shopee, bilangnya sudah dalam penangganan tim, tapi kenyataan nya masih gitu2 aja gak dibenerin. Gimna sih ini shopee, gak puas bngt sama penangganan nya.",1
Shoppe kenapa sih kalo buka aplikasi lain pasti dikit-dikit iklan shoppe..tolong dong di perbaiki lagi...soalnya ganggu banget..kalo ada kelas pasti iklan shoppe..padahal ga buka shopee...udah sihh itu aja tapi lain kali di perbaiki lagi yaa..makasih,2
"pengiriman sangat lama, di apain dulu dah, di banting""??,, perasaan udah pake shopee pay ternyata masih sama aja pengiriman nya, kirain lebih cepat, kecewa sih seminggu pun belom sampai, di iming"" in garansi kirim, biar diem ga rewel pengiriman lemot, padahal juga ga guna, cuma voucher, di kira setiap hari beli di shopee apa, toko online yang lain gada iming"" garansi pengiriman 3-4 hari sampe itu pun udah diskon pengiriman, dah lah percuma gabakal di notice, bikin aja 2 Minggu pasti sampai.",1
"Saya kecewa dan kesal banget kurir shoppe nya tidak bertanggung jawab harusnya paket sesuai estimasi ini malah melebihi estimasi nya , paket dibalikan ke lokasi transit dengan alasan alamat rumah saya tidak lengkap!! Jelas jelas setiap saya pesen apapun dan lewat apapun selalu sampe alamat tidak pernah saya rubah!! Tetapi Kurir dengan alesan alamat tidak lengkap!! tidak bertanggung jawab banget",1
"JELEK BGT SEKARANG! 2 kali saya buat pesanan 2 kali juga pesanan saya ga pernah nyampe alamat saya! Tiba-tiba main retur aja ga jelas banget sih, apa lagi ekspedisi nya, ngapain sih pake Shopee ekspres segala, nyatanya pengiriman nya ga secepat klaim terlalu banyak koar. Benci saya!",1
"cek status pengiriman sering error, kadang tidak sesuai yg dijadwalkan, lokasi paket kadang sudah dekat rumah padahal paket masih di DC Cakung atau masih di penjual, tolong di perbaiki entah itu sistem dari pihak shopee atau logistik spx nya, jangan dikasih pelacakan paket yg lokasinya random. Trim's",3
"Hari ini ada spesial 5.5,jadi ada beberapa hp yang harganya 5000,tapi per hp stok nya 5 doang.Nah setiap hp ada waktunya,tadi malam gw sengaja gak tidur sampe jam 12 malam demi iphone 15 pro,pas sudah waktunya gw langsung gercep pesan,pas mau beli tombol nya malah warna abuÂ² (gk bisa dipencet).Gw tunggu beberapa saat hp nya habis.Agak kecewa,besok ny gw lanjut jam 12 siang hp iPhone 14,pas sudah waktunya shopee ny malah ngelag, padahal jaringan gw bagus.Mohon shopee kalau kasih diskon yg benar!",3
"Fitur Toko saya di shopee untuk update barangnya ga jelas, padahal barang sudah di kosongin tp masih aja ada yg order barang yg udah habis, ujung2nya kami seller jg yg kena marah sama customer. Tolong di perbaiki, krn ini kesalahan system dari pihak aplikator.",5
"Kalo bisa tanpa bintang, saya kasih bintang 0, aplikasi yang pengiriman nya ga di nomor satukan, udah 1 Minggu paket gua ga datang datang, estimasi selalu berubah, dari tanggal 5 sampe 8, dan sekarang udah tanggal 8, masih belum berjalan juga, mentang mentang, pake gratis ongkir, pengiriman nya SE enak jidat, kecewa gua belanja di toko orange, mending di toko biru, pengiriman cepat, 2 hari udah sampai",1
"Untuk aplikasinya bagus sekali, tetapi min saya punya keluhan nih kenapa yah sesudah di update malah jadi suka susah banget dibuka padahal data kuota masih banyak jaringan oke tapi aplikasi Shopee gabisa dibuka buat check shopee video pun susah banget lama loading nya mohon segera diperbaiki min tolong dengan sangat.",1
"Mohon maaf ini shopee kenapa ya? Belanja sampai kejadian paket hilang di ekspedisi, status sedang di antar ke tempat tujuan tapi dari pihak kurir batal pengiriman sampe 3 kali, nunggu paketan datang hampir 2 minggu. Kecewa sebelumnya bagus banget",1
"bagus, cuman sekarang malah ngga banget apk nya, sering lag, lemot padahal sinyal ok, mau co ga bisa pencet, kadang tombol tombol nya suka lag, mau co atau pilih varian barang kadang ga bisa, tolong diperbaiki kalau bisa kaya yang dulu, pdhl yg dulu bagus setelah beberapa update malah jadi ngga banget banyak keluhan.",3
"Diskon nya fake, contoh di live harga asli 80 rb terus di coret diskon gt jadi 68 rb tapi pas checkout kok total produknya 80 rb(hanya produk tidak ongkir dll) padahal di live nya di coret jadi 68 rb dan juga saya pernah beli voucher gratis ongkir tapi di gambar nya dan judul nya keliatan no minimal tapi pas beli ternyata minimal 50 rb, coman dikasih tau di deskripsi saja, saya tau ini trik marketing tapi yang diskon seperti menipu customer sih",1
"Pesanan saya awalnya punya estimasi di terima tgl 12-15 mei, eh sampai tgl 15 malam belum juga nyampe. Pas di lihat kembali di status pengiriman bisaÂ² shopee merubah sepihak estimasinya menjadi tgl 12-17mei. Keterlambatan dari pengiriman malah menambah estimasi waktu pengiriman secara sepihak.. konyol sangat di sayangkan..",1
"WOY SHOPEEFOOD!!! Sampe kapan kalian akan mempertahankan sistem double orderan?!?!!!! Saya customer pertama, harus nunggu 45 menit sejak orderan saya diambil, hanya karena driver dapet orderan customer kedua. Saya bukan masalah uang, tapi WAKTU. dan makanan itu untuk tamu saya. JUJUR SAYA MALU! SAYA KECEWA! bukan 1 2 kali saya slalu double orderan. Ini sebabnya sy jg sering ngasi rating dibawah 4 ke driver karna tidak jujur dan slowrespon. Tolong tim shopeefood perhatikan lagi! Saya rugi waktu!",1
"Kurir Shoope banyak Yg belagu , Kasar2 Mending ga usah jadi kurir klo bnyk ngeluh. Terutama yg kurirnya ga sesuai sama yg ada di aplikasi. Orang,plat nomor motor, no hp banyak yg beda2 ga sesuai sama di aplikasi .. Masa dibiarkan terus yg kayak gini ,,, Tindak tegas lah ... Saya sangat suka sama aplikasi shoope nya tapi ya gtu lah kurirnya ,,",1
"Pas awalÂ² emang normalÂ² harganya ngk beda jauh total harga barang Ama yg dicekout, tapi kok lama kelamaan tambah mahal ya, padahal total barang cuman 36ribu pas dicekout malah jadi 78ribu mahal banget ,padahal lokasinya juga satu provinsi ğŸ˜“ğŸ˜“ğŸ˜“.",1
"Aplikasi shopee kenapa skrg malah ga enak, suka keluar sendiri, buat belanja gabisa terus setiap mau transfer bank atau beli pulsa memuat fitur terus!! Terus gimana saldo saya di shopeepay!! Padahal wifi lancar"" aja ga lemottt!!",1
"Gak jelas. Lagi chat admin penjual malah diblokir dan dikira spam. Nanti nulis kata2 WhatsApp gabisa terkirim, melanggar peraturan, tapi chat nya sangat dibatasi. Makin lama filter kata2nya makin gajelas. Tolong segera diinfokan tim IT nya dan segera ditindaklanjuti. +Kebanyakan fitur gapenting. Aplikasi palugada :) so-so dengan GoTo, tapi goto lebih simple UI nya",1
Beberapa hari terakhir ini sy berkali-kali beli di Shopee .. Alhamdulillah semua barang sesuai dengan deskripsi.. sempat sekali barang sy kembali ke penjual karna masih pemula pas beli online berikutnya lewat aplikasi ini sy mulai paham tinggal klik prosedur pengiriman dan ikuti alur perjalanan barang kita akan dituntun sampai barang ditangan kita,5
"Semenjak pake spx paket d shoppe ga nyampe nyampe, banyak di kembalikan k penjual, udah gitu malah akun kita nya yang kena banned ga bisa cod karena dikira mempermainkan paket ga di terima padahal spx nya yang bermasalah. Malah buang buang waktu nunggu paket yang ngga dateng dateng. Kalo kita komplem pelayanan nya lambat kadang ngga ngrespon sama skali.",1
"Sekarang tukang paket banyak yang ngeri"", soalnya harga paket suka dinaikin.. ya, meski sedikit cuman kalau paketnya banyak kan rugi juga., masalahnya kalau duitnya pas kan gimana coba, padahal udah hitung bener ehh malah di naikin harganya mau ngeluhpun gabisa_-",1
"Baru beberapa hari daftar akun sudah isi shopepay, sudah pernah transaksi & masih ada sisa saldo juga, lgi cari2 barang eh tiba2 ada notifikasi akun di batasi, tlpn cs suruh nunggu 3 hari info nya ada aktifitas mencurigakan..aneh..",1
"Paket belum di terima udh dikonfirmasi sama spx pake foto random, harusnya paket telat diterima dan dapat subsidi 10 ribu :D Dan Fitur filter harga terendahnya ngaco, harga gak berurutan dengan semestinya + nyampur sama produk yg gak sesuai pencarian",2
"Parah banget, makin update malah makin error shoppee nya. Ketika mau beli pulsa, tiba"" saldo shoppee paynya tidak bisa di cek. Cache udah dihapus, bahkan sampai 3 kali uninstall shoppee. Apk lain ga ada trouble dan penyimpanan ngga terlalu penuh. Tolong diperbaiki lagi shoppee, sungguh mengecewakan sekali",1
"Saya terinfo dari wa bahwa akun saya ada yg menggunakan karna sistem membaca ada kecurigaan maka di blokir sementara. Saya coba hub CS by telepon karna saya mau login gak bisa, saya coba menggunakan shoppe teman saya utk tlp menggunakan aplikasi shoppe namun di klik utk call berkaliÂ² ttp tdk bisa. Makanya saya tlp kembali ke call center. Eh baru kali ini ada CS yg ngomong nya betapa TIDAK SOPAN. Sebagai CS harus punya etika saat ada komplain customer. Dan sampai saat ini hub call center tdk bisa",1
"Sistem filternya tidak jelas, sudah di filter dengan baik dan benar tapi results produk yang ditampilkan tidak sesuai. Contoh saya mencari smartphone dari merek A tipe 1 di filter untuk area jabodetabek, jenis toko start + dan mall, rating bintang 4 keatas dan di urut berdasarkan harga termurah hasil yang di tampilkan justru smartphone merek A tipe 2 atau Merek B Tipe 1. Tolong perbaiki sistem filter tersebut agar dapat berbelanja dengan nyaman.",1
Apa shopeefood ada biaya lain-lain dan biaya layanan. Sama aja dari awal mesen sampe skrg promonya sama aja gk ada peningkatan percuma dimasukkan kek gitu. Ada saran sii klo bisa nih yg sering pesen makanan ada diskon tertentu yang orang pertama terjun di shopeefood gk dpt previllange,1
Entah kenapa tiap kali aku buka opsi dikirim selalu terkendala loding mulu. Padahal jaringan sangat stabil dan bagus udah coba pakai data sendiri tetap tidak hisa terbuka coba pakai wifi sama saja. Kadang memerlukan waktu yang lama kadang juga tidak bisa sama sekali. Satu pagi aplikasi saya sudah yang terbaru !!,1
"Kenapa masa estimasi penerimaan bisa di perpanjang terus, jadi tidak bisa di batalkan pesanannya, udah 9 hari barang belum juga sampai, harusnya tidak di perpanjang trs agar yg terlambat pengiriman bisa di batalkan",3
"Hp flagship, tapi kenapa setiap buka app ini kok lag banget yahh.. terlalu berat, banyak pop up2 yg ga penting. Buka app langsung masuk live apa tau.. saran aja buat developer, buat app ini biar lebih optimal.",2
. Buffering yang tidak masuk akal . Lag padahal jaringan baik-baik saja . Koin tidak dapat kembali meski barang dicancel . Voucher tidak dapat dikembalikan meski barang dicancel . Barang dikeranjang bertambah tiba-tiba dari 1pcs jadi 2pcs (padahal tidak saya update atau tambahkan) . Barang dikeranjang yang sudah di select tiba-tiba juga tidak ter-select kalau direload APP INI ANEHHHH!!!,1
"Responsif dari spinjaman sangat luar biasa, kurang 30 menit dana langsung cair dan berizin ojk. Bunga standar. Sangat membantu terutama untuk berobat mendadak. Alasan ini bagi saya betah dengan Shopee. Promo dan diskon banyak dan cukup menarik. Saran untuk tampilan antarmuka dibuat lebih simpel dan packaging barang dari pihak shopee tolong di tingkatkan lagi.",4
"bagus semuanya bagus kok,, tapi kenapa ya Shopee express kadang suka menyulitkan para kurir paket yang bekerja untuk sekarang kenapa ya di label paket yg ada sudah tidak diperlihatkan lagi uang COD nya, itu mungkin cukup menyulitkan untuk sebagai orang dan juga mungkin memperlambat pekerjaan kurir paket tersebut.., mohon diperbaiki lagi ya ğŸ˜Š jujur saya kasihan sama para kurir paket yang bekerja dari pagi sampe malam..",3
dari dulu shopee emang berat bgt. lemot bgt. mau udah diclear chace atau di open di hp barupun gitu. padahal sinyalnya baguss lancar buat streaming. gabisa lebih ringan lagi kah? :),2
"Knp sistem COD ngga ada konfrimasnya sih kayak spay, saya gatau / kepencet pesan casing 2 yang ngga ada gratis ongkirnya dan biaya ongkir nya sangat mahal dari pada casingnya!!!! Saya kaget tiba"" Kok ada paket yang sedang dikirim saya merasa saya tidak memesan apa"" Tapi ternyata casing 2!! Mana totalnya jadi 70k, ngotak dong, saat itu saya memang mau pesan tapi gajadi alhasil saya tidak chek out, tapi apk sprti lemot saya sabar menunggu trs kemungkinan saya kepencet pesan",1
Masukan buat shopee aturan bebas pengembalian diperbaiki lagi. Waktu pembeli kirim balik barang yg dibalikin jangan 5 hari. Tp sehari samakan dengan waktu penjual dapat pesanan. Saya PENJUAL ada transaksi setelah barang sampai pembeli mengajukan pengembalian berubah pikiran. Barang dikembalilan dihari ke 5 dan kaget nya outsole sepatu terlihat sudah bekas dipakai dan box original nya rusak berat. Kami ajukan banding ke shopee TIDAK DITERIMA. PENJUAL tidak bisa jual lagi SANGAT DIRUGIKAN.,1
"aplikasi sampah!!! orang belanja udah bayar malah dicancel otomatis. bukan hanya sekali dua kali tapi sering banget kemudian akun juga dibatasi harus aju banding dulu buat ngambil dana yang dikembalikan, ribetttt. sangat tidak rekomend",1
"Kenapa saya beli paket data, bayar pake shopeepay... Trus saldo Shopee pay nya berkurang tapi paket datanya belum masuk Padahal nomernya sudah dicek beberapa kali tidak ada kesalahan... Mohon bantuannyağŸ™",5
"Aplikasi terlalu berat, dan cukup membingungkan buat saya yang baru memakainya, saya pencet salah satu produk, yang muncul malah video reel gitu,mana frame drop dan gak bisa keluar,harus login apk dulu biar keluar dari reel nya",1
Belanja di Shopee mempermudah sih ga perlu ke toko atau ke mall. Shopee paylater nya juga oke tapi limitnya kecil banget. It's okay setidaknya mempermudah ga bikin pusing pas lagi butuh sesuatu,3
"Kalau dipikir pikir,Shoopey ini terkadang juga menarik dan menggiurkan dengan harganya,akan tetapi terkadang kami sering terjebak dengan barang yg dibeli tidak sesuai yg digambar atau yg di iklankan..terlebih lagi bilang Gratis Ongkir dan setelah dipakai (Klaim)Ongkirnya juga banyak yg gak bisa terpakai..khususnya COD Terimakasih",2
"Parah shopee ongkir udah mahal banget!!! Sama waktu pengiriman 3 mingguan belum nyampe"" barangx!!! Waduh gimana nih... Gak bisa pilih lagi mau pake jasa expedisi yg mana.... Otomatis shopee express, katax express kok paling mahal + paling lambat!",1
"Aplikasi sering bermasalah mulai dari kendala sinyal internet maupun fitur-fitur nya, sudah dua kali gua beli barang di aplikasi ini tetapi begitu diliat malah nggaa kebeli sama sekali, padahal barang nya butuh banget malah nggaa kebeli",1
"Jujur kurang suka sama berandanya, soal setiap mencet prouduk bukan langsung ke prouduk nya malah kaya foto yang di upload di tiktok yang harus digeser kesamping gitu, jadi harus pencet pop up dibawah kan nyusahin jadi dua kali mencet mana aplikasinya nge lag parah",1
"Saya rating ulang, jualan di shopee pakai ekspedisi spx express merugikan sekali. Sudah berkali-kali paket saya rusak karena pengiriman, bahkan sudah saya packing dobel bubble wrap dan kardus, saya isi pakai bubble dan remahan kardus biar tidak guncang bisa-bisanya pecah dan isinya habis padahal plastik. Saya rugi, nilainya di atas ratusan ribu lho, berkali-kali juga. Ekspedisi tidak mau bertanggung jawab padahal jelas-jelas kesalahan mereka",1
"Tolong doang tokoÂ² dari luar negeri jangan dibatasi, casing hp dari luar negeri lebih bagus dan banyak variasi karena hp ku merk I**in*x jd susah cari casing yang bagus kalo dari toko dalam negeri. TOLONG KEMBALIKAN TOKO SHOPEE LUAR NEGERI PLIS WOY NOTIS AKUUU.",1
"Kenapa login ke shoppe kok ga bisa ya? Ada apakah gerangan?tolong segera diperbaiki lagi karna ada pengiriman yang terpending..tiba2 log out sendiri dan mau masuk lagi ga bisa dengan keterangan akun dibatasi,kalo memang shoppe rentan utk di hack tolong lah di perbaiki systemnya,soalnya di shoppe pay saya masih ada uang dan koin lumayan banyak..sudah ke cs nya tapi kurang memuaskan jawaban nya..tolong di bantu follow up dari pihak shoppe..thanks",1
"ini kenapa nomor rekening dan nama di nomor rekening bisa tiba tiba beda ya, habis narik saldo penjual tapi gamasuk-masuk padahal saldo penjual sudah kepotong, eh ternyata nomor rekening sama nama di nomor rekeningnya beda, padahal gabisa di edit. udah gitu saldo penjual nya udah kepotong tapi gamasuk ke rekening. tolong dong bantuannya cara ngatasinnya gmana ya ini apakah saldo masih bisa balik? soalnya jumlah narik saldo penjualnya tidak sedikit",1
"Aplikasi belanja yang harus urat sabar nya di perpanjang, lemot parah puol. Pilihan menu banyak tapi mau bayar 1 wae butuh waktu lama sekali. Endingnya punya shoppe hanya untuk cek harga saja. Tolong ini remainder buat di upgrade lebih cepet dikit lah, menu bagus tapi lemot yoh males pakainya, generasi Z ini butuh sat set. Bukan yg cluwer..... cluwer....",5
"Sama seperti di gambar, Shopee juga dapat memberi kita promo yang menarik di setiap jam. juga menawarkan beberapa produk yang bagus bagus, ya walaupun ada toko yang buruk. tapi itu bukan kesalahan dari APK-nya salah orang yang menjadi owner di toko itu. fitur dari Shopee juga tidak terlalu ribet, karena tipe yang fiturnya satset satset no ribet ribet gitu. jadi suka sama apk Shopee :>",5
"Balikin shopee kaya dulu min, ga ribet ga full ini itu dan juga bisa akses semua jenis produk kalo umur sudah mencukupi, skrng ribet banyak produk yang di blokir dan susah akses produk 18+ contoh ny kaya roko elektrik dan sebagainya. Dari sistem gratis ongkir kalian dan event event besar kalian tiap bulan udah oke, apalagi banyak promo promo menarik, tapi alangkah lebih bagus nya lagi dana dana tambahan gajelas itu dihilangkan saja, contohnya : - Biaya COD - Biaya Garansi - Biaya Tambahan/Dll",2
"Koin shopee saya 50.000 lebih,kalo tidak bisa di uang kan, harusnya bisa di pakai semua untuk belanja, malah yang bisa dipakai belanja 2000,3000 sisanya uang asli, percuma koin banyak, udah seneng banyak koin malah tidak bisa di pakai semua sekaligus",1
"Sangat membantu sekali bisa belanja barang yang saya butuhkan di saat barang tersebut tidak tersedia tokoÂ² terdekat di daerah saya, Barang yg dipesan langsung di antarkan Tinggal tunggu di rumah, Cuma ongkirx lumayan untuk ke daerah saya",5
"Saya punya toko di shopee Kenapa biaya administrasi MAHAL BANGET sampai 30rb,biaya layanan 16rb sekian,padahal masih 1 provinsi. Gimana penjual bisa dapat untung Mau naikin harga pasti gk laku karna bnyak saingan, Perbaiki lagi lah biaya administrasinya Penjual gk dapet untung kalau kayak gini caranya dan toko bisa sepi dari pembeli, PARAAHHH!!!ğŸ˜©",1
"Saya kecewa sama shopee... Saya jadi customer platinum sudah lama, tapi ketika saya beli lcd tab huawei yg di kirim penjual rusak, shopee tidak punya solusi padahal harga lcd itu 800 ribuan. Saya harus bayar harga mahal untuk barang rusak sedangkan penjual nya David cellular tidak ada respon ketika di hubungi. Kecewa berat saya sama shopee. Tidak ada perlindungan nya ke konsumen seperti saya padahal tadinya saya percaya bahwa shopee lebih baik dari lazada ternyata saya sama aja.",1
"Semakin kesini banyak video gak jelas & gak berguna di shopee ""RUBBISH"". Tolonglah difilter. Aplikasinya tolong khusus jualan aja atau mau seperti tik tok. Bikin berat aplikasi video2nya. Untuk kenyamanan pembeli.",2
"Tolong banget, diperbaiki secepatnya.... Karena sebentar lagi 5.5, appnya sekarang lemot banget, katanya jaringan eror, paketan saya masih banyak... Udh uninstall download lagi sama bersihin cache masih sama, entah download yg lite yg ori ttp sama. Tolong saya mau check out barang jd gk bisa, tolong diperbaiki, terimakasih",2
"Pelayanan kurir kurang bagus krna tidak boleh di buka sebelum di bayar &kadang barang yg datang tidak sesuai pesanan,,sangat kecewa sama tokonya,,waktu di hubungi tokonya non aktif,,toko seperti itu seharus nya di blokir saja,daripada buat konsumen kecewa,,terima kasih",3
Klo bisa seperti aplikasi lazada . Tercantum nomor TLP kurir yg bawa barang kita . Jadi klo pembayaran COD bisa TLP langsung ke kurir yg bawa paket kita. Klo kita ga ada di rumah enak tinggal TLP kurir nya . Tolong terapkan kaya aplikasi lazada .SPX / call shoope .susah mau hubungi kemna . Cuma live chat ( Ga mengatasi masalah ).,1
"Untuk sementara saya kasih bintang 1 dulu, soalnya saya sangat kecewa banget. Saya Pesan 2 Barang, udah sekitar 3 harian belum nyampe juga. Tolong Buka DM IG nya min, untuk saya kirim bukti fotonya. Kalau sudah sampai barang saya, saya kasih bintang 5.",1
"Aplikasi e-commerce maling.. Beli emas disini barang hilang duit cuma dibalikin 190rb padahal beli emas 1.8jt.. Prosesnya lama, kurirnya maling, cs nya juga ga bisa menyelesaikan masalah padahal sy tiap hari belanja disini bertahun2.. Sy ga Iklas ya uang sy ga kalian balikin full!!!",1
Srg dpt brg sesuai picture ..tp ada kalanya masih ada toko nakal yg jual brg TDK sesuai picture...jg pernah kehilangan pesanan slm proses pengiriman n sygnya TDK bisa dilacak ga tahu kenapa. Sempat kehilangan pesanan dua kali sjk awal belanja di Shopee. semoga bisa selektif memilih toko dg produk yg harus sesuai dg yg ditawarkan,4
"Belanja lebih murah, lebih hemat, lebih praktis.. Hanya prnah kecewa karena barang dtg tidak sesuai pesanan, tnpa ada pemberitahuan dr toko kalo brg stok ny kosong.. Harusnya ada konfirmasi dulu biar bisa ganti dgn brg yg lain.",4
"Halo kak kenapa di upgrade ke shopee 5.5 jadi jelek ya perfoma nya, nggak bisa buka semua fitur shopee yang tersedia, mau co nggak bisa, buka keranjang nggak bisa, isi saldo nggak bisa padahal sudah di ulang ulang log in log out, sinyal lancar. Mau co gimana, koin shopee saya masih ada ini. Tolong solusinya",2
"Kalau mau update fitur aplikasi itu jangan dipisah-pisah, langsung saja kalau ada pemberitahuan itu semua jangan sendiri-sendiri, jadi sewaktu ingin melakukan pembayaran itu tidak lama hanya untuk menunggu downloading fitur pembayaran",1
"Saya pengguna Spinjam, dgn fitur yg sudah diupdate skrang, SANGAT KURANG PUAS!!! Saya pelanggan dgn tidak ada keterlambatan dalam pembayaran, dgb fitur ini khawatir terlambat karena jumlah pembayaran tidak seperti dulu!",1
"Ribet banget belanja disini, padahal yang ngebatalin COD juga sistem mereka. Tapi customer yang kena. Tiap belanja selalu COD. Tapi malah di non-aktifkan CODnya. Mesti nunggu 2bulan katanya kalo COD mau di aktifin lagi. Ribet banget, mending belanja ke Tokopedia atau Tiktokshop ajalah.",1
Mau bayar via shopee pay gagal terus. Download fitur tapi load gak selesai selesai. Mau ke pusat bantuan di aplikasi juga sama aja. Udah di reinstal masih begitu juga. Banyak pesanan di batalkan karena pembayaran shopee pay gabisa digunakan,2
"Mohon pertimbangkan untuk lebih bijak memilih jasa pengirimannya, karna mereka gak mau ngantar sampai rumah. Alangkah baiknya kita bisa pilih jasa pengiriman saat checkout, bukan hanya reguler atau hemat saja, langsung cantumkan nama jasa pengirimannya, jnt, shoppe exspress, ninja ekspress, sicepat, dll. Karna jnt sama shoppe ekspress ini males kali nganter kerumah, jujur untuk saya yg punya bayi itu merepotkan bgt ngambil ke simpang yg jaraknya 1 km dari rumah.",4
"hi, saya ingin login di akun saya sebelumnya cm saya lupa sandi dan coba login dengan lewat email, no hp, dan google account. hanya saja tiap ingin mengirim kode otp dari ketiganya selalu muncul kotak di tengah dan ada simbol loading berputar tpi setelah itu simbol loading berputar nya hilang dan hanya kotak putih saja itu kenapa? padahal koneksi saya lancar sekali untuk scroll semua sosmed bahkan bermain game..jdi tolong dong sayang bgt klo akun saya sebelumnya tidak bsa kembali krna mslh login",4
Aplikasi ini awal nya memuaskan. Tapi ternyata ada diskriminasi. Akun ku tidak pernah ada kenaikan limit sama sekali padahal belanja terus setiap bulan. Sedangkan temen ku yg jarang belanja malah naik trus limit spylater nya. Ini kan aneh.. kecewa sama shoope.. apalagi sekarang pengiriman tidak bisa lagi cari jasa yg lain. Jangan download aplikasi ini... Mending akulaku/toped lebih banyak reword Nya,1
"Terkait promo besar namun tidak diimbangi dengan kenyamanan, keamanan, dan jaminan pelayanan yg sesuai ekspetasi membuat voucher dari promo Shopee hanya tinggal nama. Promo besar namun tidak diimbangi dengan kualitas pelayanan dari pihak shopee maupun toko jelas melahirkan kekecewaan bagi konsumen. Overloud di bagian pesanan dan pengiriman, resikonya barang yang datang tidak sesuai ekspetasi, pembatalan sepihak oleh toko, barang hilang, yg pada akhirnya cuma buang2 waktu utk reture",1
"Ga shopeenya, ga ekspedisinya (spx) sama2 merugikan. Udah beberapa kali bermasalah, sudah segera laporan bukannya malah ditindak buat jadiin apa yang dimau, malah yang dilakukan sebaliknya. Saya sebagai penjual dan customer saya yang sangat menunggu barang saya jadi dirugikan!",1
"Maaf... Aplikasi nya saya hapus, krn pelayanan sangat mengecewakan... Sudah beberapa kali paket saya di retur tanpa pemberitahuan, padahal saya sudah lengkap dan lebih detail.. Tp tetap saja kurir nya tdk bertanggungjawab mengantarkan paket saya....",1
"Kenapa makin kesini makin aneh sistem pengirimannya,di cek paket sedang di antar ke kota tujuan,eh di cek lagi besoknya malah berada di transit ibu kota ,kalau bisa di perbaiki lgi soal sistem dari jasa pengiriman nya,saya awalnya kasih bintang 5 kerna dlu gak ada masalah ,saya udh 4 Thun pake baru ini masalah pengiriman lambatğŸ™ tolong ya developer nya di perbaiki lgi sistemnya",3
"Semakin lama aplikasi banyak masalah, mulai dari opsi toko yg loadingnya lama sekali kalau mau dibuka, fitur pesanan yg sekarang susah untuk dilihat, fitur produk yg mau nambahin aja susahnya minta ampun, sampai berkali kali masukkin memuat terus terusan, sampai dengan cara log in log out, update, tapi masih aja lambat sekali sekarang aplikasinya",1
Aplikasi buruk!! Cuma ganti perangkat aja sulit login ke akun yang lama! Cuma gara2 belum daftarin email di akun. Shopee. Harus pakai kode verifikasi segala! Coba telepon cs shopee tetap tidak bisa menyelesaikan masalah! Malah ribet harus ada bukti kek apa kek. Kopet!!,1
Semakin sering update malah semakin lemot apalagi kalau buka game loadingnya lama banget. Pertahankan Shopee tanam dan Shopee capit aja sisanya dihapus saja biar smooth kaya dulu lagi. Pernah coba install yang versi lite tapi sayang tidak ada gamenya...,3
"Untuk Shopee pinjam lucu sekali saya tidak pernah telat dan rutin baru mau ajukan keterangannya di tolak karena kredit kurang baik, tolong untuk pihak Shopee liat mana yg kredit kurang baik dan mana yg tertib!!!!",1
Pengalaman suka.order d shopee pilihan barang n harga variasi....tentu sy milih harga yg paling rendah n kwalitas bagus..... pengalaman yg tidak suka.barang datang ada yg tidak sesuai speck d gambar.vidio...dalam kasus ini saya ada beberapa kasus....untuk hal buruk ini memohon adanya chat dengan pihak shopee untuk membuka layanan...keluhan atas order sy sesuai namun barang tidak sesuai...trimakasiiih shopeee,5
"Jelek Semakin kesini semakin jelek..lemot..beli pulsa mahal banget dr merchant lain yang byk gratisan...kasih vocher..terlalu banyak syarat,,tidak bisa digunakan dan dibatasi.....kasih gratisan tengah malam..emangnya hantu gitu..pokoknya jelek banget deh shopee skrg bikin kecewa....jangan lupa shopee jadi besar karena byk yg beli bukan yg jual...ok",1
Kecewa kecewa udh kenpa sih pihak shope kalau tf duluan barang gak sampe sampe terus pas paket dalam pengambilan keputusan pihak penjual. Barangnya gak ada uang nya gak ada ko gini amat udh pesan ke tiga kalinya saya. Biasanya saya gk bkal komen kalau ung nya kecil ini menurut saya lumayan bagaimana tanggapan pihak shope,1
"Beli paket data nya lama banget masuk nya, gak kaya di apk lain langsung masuk, ini beli paket data udah kaya beli barang aja, tolong dong perbaiki lagi, semua nya sudah baik, cuma itu aja kendala nya beli paket data lama, tau lama saya beli paket data di apk lain",2
"shopee.. tingkatkan lagi.. 1. toko2 masih banyak yg jual barang palsu.. maka jika ada costumer yg melaporkan barang dengan bintang 1 lebih dari 3 atau 5 kali.. blokir toko tsb. 2. toko2 masih banyak yg jualan fiktif, cirinya yang review hanya teman2 nya saja.. namanya yg review produk hanya itu itu saja.. itu toko2 begitu jual barang jutaan bisa jadi 100 ribuan.. langsung di blokir saja.. 3. konsumen yg sudah jelas2 di tipu oleh toko2 diatas.. tolong di carikan jalan keluar yaitu solusi.",5
"Harus tetap konsisten dan komitmen. Hargai semua pesanan pelanggan tanpa ada rasa kecewa. Beri sentilan kepada toko yang tidak bagus. Tak perlu ada promo atau apapun, yang utama jujur dalam kesediaan stock dan kualitas barang. Untuk kurir ""jangan pernah membuka segel atau merusak packing"". Utamakan tugas kurir profesional. Terimakasih",5
"Saya selalu mendapatkan kendala jaringan saat ingin mengatur password akun dan masuk ke Shopee Affiliate Program, padahal jaringan lancar, masuk Shopee bisa, buka aplikasi lain seperti IG, Yt, dan Pinterest bisa, mengapa mengatur password dan fitur Shopee Affiliate tidak? Ngeselin sih, soalnya saya pengen nyari duit :( , semoga masalah ini cepet diperbaiki.",1
"Maaf ya Shopee cmn user experience yang kamu ke kasi ke usermu tuh jelek bngt. Masa iya mau kirim foto ke driver Shopee food galeri fotonya belom ter update, banyak foto yang baru saya screenshot ata saya ambil dari kamera ga ter update. Dan sering bngt alamat pengiriman Shopee food saya sesuai tapi di maps driver dan maps Shopee jauh bngt. Tolong diperbaiki deh kataku nyebelin bngt merugikan banyak orang. Ni kalo bisa dikasi bintang 0 kukasi 0",1
"Saya member Platinum di shoope. Kendala saya dengan aplikasi shoope adalah. Untuk fitur software agak berat masuk di shoope lama padahal jaringan bagus saja,apalagi shoope LIVE sangat nge-lag, & tolong karena adanya fitur shoope food,sering saya pesan makanan sering tidak dapat DRIVER.mhon lebih diperhatikan lagi untuk aplikasinya jangan terlalu berat.",3
"Aplikasi Shopee sangat berat ,. Tidak cukup mau diklik 3x harus ber ulang kali baru bisa respon dan aplikasi muat ulang terus., seperti minta restart terus..",5
"Kecewa dengan online shop ini, uang saya ilang dan barang pun ngga datang (400rb), masa iya pihak shopee ngga bisa investigasi hanya karena masa garansi sudah lewat, online shop yg ngga berpihak pada pembeli, hanya seller yg diistimewakan, akun saya sudah platinum pun macam tak ada gunanya. Terimakasih atas ketidak profesionalan anda dalam mengelola online shop anda",1
saya sering belanja di shope sangat lengkap dan murah ada bebas ongkir lagi dan ada game buat ngumpulin poin. poin nya bisa kita jadi potongan harga produk keren kan.,5
"saran untuk spaylater yang saya mengharapkan kedepannya, adanya fitur pilihan pembayaran produk yang ingin di lunasi cicilanya sehingga pembayaran antara pihak Shopee dan Pelanggan lebih menguntungkan kedua belah pihak dan lebih efisien. Thx u",5
"kebijakannya kurang bijaksana menurut saya..karena ada pelanggaran sedikit menurut saya di akun shopee saya,akun saya jadi gak bisa digunakan untuk belanja , spaylater dan spinjam..padahal pembayaran tagihan dulu selalu lancar..minta penghapusan akun pun ditolak...gatau kebijakan seperti apa yang diberlakukan pihak shopee..apk gak manfaat ..",1
"Aplikasi ini membantu bangett jdinya kalo perlu apa apa bisa belanja online disiniii,tapi buat yg nanya kenapa saya kasih bintang 4?? Karna sy dlu pernah ditipu beli apa gitu yg mahal eh datengnya cuma batu hahaha,disitu kecewa bgt sih tapi tenang kok kalo kalian gamau kejadiannya trjadi sama kalian pilih belanjaan yg tepat dan masuk akal yyaaa",4
"saya sangat kecewa dg shopee masa bayar belanja dg shopeepay tidak bisa transfer ke bank dg shopeepay juga tidak bisa tulisannya ""terjadi kesalahan pada sistem gagal login"" semua hal udah saya lakukan dari mulai update,bersihkan canche,bahkan log out dan login akun tpi tetap saja gagal gini nih jadi nyesel top up di shopeepay uang saya jadi sia sia tak terpakai ngestuck di shopeepay. MOHON KEBIJAKANNYA",1
Belanja di shopee gak pernah kecewa karena d shopee kita bisa belanja apa saja tanpa keluar rumah tpi ada kekurangan dari shopee klok pesen harus nunggu beberapa hari sampainya tpi ya jga mempermudah kita tidak keluar rumah dan tidak perlu repot membawa banyak barang,4
"Telat 4 hari spaylater berasa telat 1 bulan! di spam telpon pagi-malem. Pengalaman yg sangat buruk. Bentar lagi lunas, unistal aplikasi! Udah langganan dari 2017 sampai sekarang, Thank's u shopiee tindakan yg di ambil sudah sangat mengecewakan.",1
"Tambahkan mode hemat kuota dong, dengan opsi untuk mengurangi resolusi dan Kompress gambar, menonaktifkan autoplay video, dll yg memungkinkan untuk menghemat sebanyak mungkin penggunaan kuota internet",4
"Kenapa skrg pegiriman di rubah jd hemat regular lah...malah bikin ribet..gak suka gelay..klau kyk gini trs, dan gak di kembalikan seperti semula..jd malas belanja di shopee..tlong utk pengiriman di kembalikan seperti awal sediakala..di kembalikn lg ada jnt jne ud express dll..",4
"Kok Shopee ya jdi gk bisa kembali seperti semula, tadi nya di suruh upgrade, sekali sudah di upgrade kok dk bisa d buka seperti biasanya. Emailnya pun hilang harus buat ulang, padahal baru pesan barang melalui Shopee, gmn tau mw ngecek y? Shopee y aj eror dk bisa di buka kayak semula.",2
"Lama sekali pengiriman kalau paket hemat dari tanggal 16 pesan, kirim tanggal 19. sampai barang 10 mei. dapat voucher belanja 10k.. setiap kali begitu belanja di shopee. kecuali paket reguler yang di bilang cukup mahal pengirimannya dari tanggal 3 Jumat buat pesanan, di kirim tanggal 6 mei Senin dan sampai tanggal 10 mei jumat, begitulah. terimakasih banyak shopee, murah meriah namun saya akan tutup akun selamanya, tak akan memakai shopee lagi. sudah ke 3 kali tutup akun shopee email yg sama.",1
"Setelah di update Browsing nya kok tambah lelet dan sangat boros data,untuk belanja Online jadi kurang nyaman dan boros data, minta tolong untuk diperbaiki,kami sudah cukup lama jadi pelanggan belanja di Shopee,..Terimakasih.",1
"Shopee skrng jadi ribet y,. Padahal cicilan sudah dilunasi,berhasil dan saldonya jd nambah tp notifikasi selalu gagal. Buat Spaylater & Spinjam ny jg suka ga jlas. Masa ada saldonya tp ga bisa digunakan. Bayar cicilan udah sesuai,belanja di Shopee sering,isi ShopeePay jg rajin tapi meteran pelanggan ny ga naik. Pdahal Shopee jg sering update,..",3
Baiknya sih nama kurir yang ditugaskan dikasih tau di app nya jadi kalo belum nyampe nyampe bisa nanya... soalnya kalo nyampe kurir juga ngga mau chat orang nya dimna...kasian kurirnya nunggu... pelanggan juga nunggu biar bisa konfirmasi kalo semisal cod orang nya lagi ngga dirumah,4
"Entah udah berapa tahun saya menggunakan shopee, entah kenapa masih setia dan nyaman dengan aplikasi ini padahal banyak aplikasi lain, meskipun terkadang berat dan loading nya lama dan meskipun gak pernah dapat iphone/android di flash sale nya shopee, aneh nya saya tetap nyaman dan setia menggunakan aplikasi ini.",5
terimakasih Shopee atas respon nya.. sangat terbantu.. ğŸ™ğŸ‘ğŸ‘ Saya punya kendala aplikasi sophee saya di HP terhapus. Jadi saya instal baru tapi no HP saya gk bisa di Terima alasan udah terdaftar di akun yg lain.. Giman tu. Soal nya saya gk bisa pesan barang lagi di Shopee.. Bikin pusing ribet jadi nya.. ğŸ¤¦â€â™‚ï¸ğŸ¤¦â€â™‚ï¸,5
"Kenapa pelayanan shoper berubah jd mengecewakan gini.. Paket aku udh 2x dibatalkan otomatis oleh pihak shopee,,kecewa banget aku. Biasanya juga amanÂ² aja kok. Tolong perbaiki pelayanan shopee yg tidak mempersulit customer nya.",1
Sangat membantu dan sangat aman tergantung toko ny kdng ada yg g bnr ada juga yg bnr amanah jadi tergantung kita ny klo bisa milih itu bisa bgsÂ² dan di shopeey ini bnyk yg bgs dan amanah. Ada juga beberapa doang yg g amanah itu tergantung kita ny pokok shopeey sangat membantu,5
"sebenernya ga terlalu bermasalah si sm shopeenya, enak aja pakenya. tapi tolong untuk ekspedisi ANTERAJA bisa di blacklist ga?, sekarang shopee udah gabisa milih ekspedisi, kesel banget klo paket malah dapet ekspedisi ANTERAJA, soalnya pengirimannya LELET BANGET! bisa sampe 10 hari! masa dari Cirebon sampe subang ngabisin waktu 5 hari?! paketnya selalu stuck disitu. udah komplain ke ekspedisinya lewat email, gaada respon. mau hubungi lewat WA ga dikasih aksesnya. TOLONG PERHATIIN ANTERAJA",2
Kenapa sekarang shopee aplikasi nya lemot. Saya kecewa 5tahun pakai shopee tiba2 fitur jasa kirim termasuk ongkos kirim dihilangkan di akun seller saya tanpa alasan yang pasti ! Padahal tidak pernah berbuat salah atau penalti ! Tolong fitur termasuk ongkos kirim tersedia lagi !!!! (Emot marah),1
"Sementara bintang 3 dulu, shopee tolong di improve lagi aplikasinya, sudah bagus sebenarnya tetapi kenapa jaringan internet saya sudah stabil tetapi sering lag banget, chat tanya produk ke penjual aja sering tidak bisa kekirim padahal jaringan bagus,tolong di perbaiki.",3
"Aplikasi bener-bener lemot. Pindah bentar ke aplikasi lain yg ringan aja kek kalkulator, langsung ngelag parah. Berasa pegang hp kentang buka aplikasi ini. Sekalinya kumat penyakit lemotnya, langsung gabisa pencet apa-apa. Harus di close dlu",1
pengiriman melalui spx nya lama sekali di cek pemberitahuan di lacak pesan pesan di antar ke alamat tujuan di tunggu ngak smpai setelah malam nya di cek di atur pengiriman ulang emng selama itu ya pengiriman melalui spx saya udah ke sekian kali nya mangalami hal seperti ini mohon untuk pihak shoope berbenah dalam masalah pengiriman saya udah beberapa kali sangat2 kecewa dengan masalah pengiriman nya malah kita ngak bisa memilih ekspedisi nya,1
Kok nggak ada notifikasi update terbaru ya ?? Biasanya muncul update otomatis tiap event?? Juga ketika bayar cicilan paylater nggak naik naik.. masih tetap pada jumlah yang sama seperti saat terpotong buat pinjaman,3
"Kepada pihak shopee,tolong bikin fitur pembeda antara toko yang benar benar jualan dan yang jual asal asalan, karena sulit mencari toko yang benar-benar jualan di aplikasi ini,.. saya beli produk yang datang asal asalan.. tolong di tambahkan...!! Jika tidak bintang 1 ini permanen dan saya bersumpah tidak akan pernah menggunakan aplikasi ini lagi.. karena bekerja sama dengan penipu..!!",1
"Apa ini!!! Shopee selalu berpihak ke pembeli sedangkan kami dari penjual selalu mendapat kerugian!!!! Masa return barang dari pembeli harus bayar ongkos kirim dari penjual,saya kirim jauhÂ² ke SPX kena biaya bahan bakar pas kena return malah diambil dari saldo saya ongkos kirim nya udah gede lagi biaya nya, NGACO LAH JIG!!!",1
"Untuk jualan,bayak rugi nya. Sudahla persenan potongan nya super tinggi,setelah itu kalau ada pelanggan return,penjual tidak bisa langsung menolak/ajukan banding,padahal barang yg dikirim sesuai 100%, ditolak karna alasan gak jelas,sangat merugikan penjual! Terlebih kalau pengiriman jauh, modal kita terbenam,karton yg balik hancurÂ² gak bisa dipakai lagi!;",1
Saya suka Krn banyak promo ongkirnya. Kekurangannya kurang kemanannya aja. Sering banyak penipuan. Dan bila ada komplain customer/customer merasa dirugikan. Pihak shoppe kurang membantu memyelesaikannya,4
"suka dengan shopie,belanja mudah,kualitas barang ok,pengiriman juga sesuai estimasi.banyak promo menarik,pokoknya top deh...sy sudah lama menggunakan aplikasi shopie",5
Penanganan pesanan yang tidak di kirimkan kurir sangat buruk. Ditambah lagi karena sudah bekerjasama dengan SPX yang kurirnya selalu terlambat bahkan beberapa kali pesanan tidak diantar ke alamat namun dinyatakan gagal,1
"Entah berapa lama aku pilih shopee soalnya aku selalu belanja di shopee terus banyak barang yg murah, terkadang aku mau beli barang dan tulisannya gratis ongkir, tapi pas di chek out malah ongkirnya mahal bgt tapi walaupun begitu aku masih setia ke shopee sampai kapan pun di mana pun aku milih shopee!!â™¡â™¡â™¡â™¡â™¡â™¡",5
Sejauh ini cukup memuaskan dalam berbelanja kebutuhan tapi tolong untuk vocer gratis ongkir mungkin bisa disesuaikan kembali kadang kala potongan nya gak full masih ada ongkir yang harus dibayar.,4
"Saya sangat suka Karan dgn adanya shopee sangat membantu, tetapi semenjak payleter saya tiba2 tidak bisa di gunakan jadi kurang semangat blanjanya.. padahal tidak ada tunggakan sama sekali dan selalu lancar.. sangat2 aneh.",3
"Untuk shoppe senang sekali sih selalu setia belanja di sini, dan brg yg di jual ok semua ori..tapi kenapa kdg akhir akhir ini pesanan selalu lambat pengiriman .. tapi okelah selalu setia pakai shoppe untukb belanja apapun...ğŸ¤©ğŸ¤—",5
"kenapa sehabis diupdate Shopee jd lemot begini? saya sudah memakai wifi yg jaringannya tuh kenceng bgt kenapa buka Shopee malah muter"" dan tertulis 'jaringan tidak tersedia' sedangkan buat buka apk lain lancar sj tp pas buka Shopee kek langsung gaada internet. ini kenapa Shopee udh diupdate bukan nya makin bagus kok malah makin zonk??",3
"shopee sekarang pengiriman nya lama, pengemasan aja sampe 3 hari. biasanya 4 hari udah sampe ke sumatera, ini lama bgt seminggu lebih. biaya penanganan cod juga mahal bgt kek sengaja bgt biar pake spay, gratis ongkir juga pelit bgt",2
"tahun sebelum-sebelum 5 star, tapi makin kemari.. berubah. 1. akun gold (manfaat tidak terasa), 2. cs jawab dimaksimalkan tapi ada 3 pesanan Reguler 2 minggu?. 3. Minta refund malah ditambah estimasi 2x saya cek terus (ada screenshot). 4. Pernah coba via hemat karena pakai reguler lewat estimasi, ekspedisi spx perlu 3 Minggu lebih ampir sebulan (dari semua ekspedisi yg pernah dicoba, cma ini paling lama). 5. stlh ini jga ulasan cma di reply, hub cs tapi ujungnya tidak berbeda.",1
Buat apa opsi pengirima. Instanr 2 jam jika molor besoknya baru dikirim. Pengajuan pembatalan di tolak penjual yg tdk bisa menggirimkan hari itu juga. Klen terlalu berpihak ke seller. Dan selalu terulamg Keknya malas sudah gunakan apk ini,1
"Kasih bintang 1 aja karena kurir dengan bawaan dari shoppe (SPX) Parah amat, alamat lengkap di bilang kurang lengkap, tanpa konfirmasi ke pembelinya. Kejadian udah 3 kali ini, udah dapat mangkok cantik buat nimpuk nih aplikasi",1
"cara kerja aplikasi ini sangat membantu usaha saya,, dulu saya sering pakai jasa toko hijau tokped, setelah kenal shopee akhirnya beralih ke aplikasi shopee caranya simpel mudah dan banyak promo ongkir gratis, dan tdk lupa punya fitur bisa menggunakan 2-3 akun belanja di nomor yg berbeda, good shopee ğŸ‘ğŸ‘",5
Tolong donk biasanya saya pesan selalu ok. Beberapa kali terakhir ini selalu terjadi masalah. Barang tidak sesuai. Toko yang saya komplain tidak merespon dan tidak ada tindak lanjut. Saya mau retur karena pesanan orang tapi g direspon.,3
Kalo bikin iklan ngotak dikit lah! Di web mana aja klik dikit langsung dialihkan ke Shopee. Sangat mengganggu pekerjaan! Aplikasi sebelah juga gak gini2 amat bikin iklan! Bikin emosi!!,1
"lumayan bagus dari pengiriman paket & waktunya juga lumayan kurang lebih 2/3hari sajah sampai yang pasti sesuai dengan apa yang saya pesan di Shopee,yuk tunggu apa lagi buruan download Shopee dijamin puas..",5
"Saya mohon sangat kepada admin bantu saya agar bisa login kembali dengan akun yang lama, masalah ganti nomor tidak bisa meski saya sudah mengikuti prosedur melampirkan foto ktp kk foto wajah masih sama malah sekarang lebih parah aplikasi nya selalu close sendiri ke menu login",5
"Untuk pihak shopee Mohon sertakan identitas kurir pengantar paket nya..agar kami bisa menghubungi si kurir, Paket saya tidak mau di antar nya,padahal tertera pesanan di antar ke alamat tujuan,tapi gk mau di antar nya sudah 3 hari. Dan tiba2 paket nya di kembalikan ke si pengirim.bagaimana ini",1
"sangat membantu, saya banyak terbantu dengan adanya aplikasi ini, menemukan barang barang yg saya butuhkan dengan efisien, tapi terkadang masih sangat banyak mendapati penipuan dan agak sulit untuk me refund uang, semoga bisa di minimalisir lagi untuk kejadian tidak mengenakkan seperti ini",4
"Kecewa dengan ekspedisi SPX, barang datang tidak mau antar sudah tau jauh.no wa yg hubungi kalau barang datang di telp ndk mau angkat di chat ndk di balas. Blasss pokoknya ekspedisi SPX wilayah Berau buruk pelayanan nya!!!!!",1
"navigasi dipersulit, toko ada di google tapi cari di app tidak ada, browsing barang di google bahkan dari iklan sekalipun disuruh login di browser, buka dialihkan/diberi pilihan ke aplikasi, apa gunanya iklan di luar aplikasi?!",1
"Ni kenapa ya setelah di update ko malah sinyal ga ada mulu katanya. Padahal buka yg lain lancar2 aja. Nyoba pake hp suami juga sama aja.. Haduhh. Benerinlah, masa buka keranjang aja ga bisa coba",3
"Yang terhormat mimin shopee, apk nya makin lama kok makin berat sih min :), setiap mau masuk pasti ada delay yang lumanyan dan saya sudah mencoba ke apk lain juga aman"" saja jaringan saya bahkan lancar buat nonton yt dengan resolusi yang tinggi, dan saya mohon kalo bisa kurangin orang yang curang memakai bot untuk war voucer / flash sale min.., ga lucu lho 15 detik tinggal co masa udah ilang voucer nya.. sakit bet we di php terus, udah liat harga tinggal co eh voucer nya udah hbs.. Huhh, ty min.",2
"Suka banget belanja di shopee, apk bagus dengan banyak voucher & diskon terbaik. Tapi sangat kurang membantu jika ada kendala pengiriman, seolah hanya di bebankan kepada pembeli. Harus lebih selektif lagi dong shopee memilih toko yg amanah & dapat di percaya. Jangan memasang toko AbalÂ² yg sangat buruk sehingga merugikan pembeli & kualitas apk shopee sendiri. Thanks",3
"Pengajuan paylater di tolak terus, padahal transaksi 1,5jt - 2jt perbulannya. Alasan pertama di tolak karena harus belanja min 1jt, pengajuan ke2 di tolak karena harus belanja min 2,5jt, pengajuan ke3 di tolak karena harus belanja min total 3,5jt. Tapi tetep di tolak, padahal total belanja udah 5,5jt. Wkwk terus aja di tolak sampe min belanja 100jt yee. Udah gitu pilihan pengirimannya gajelas, request pengiriman barang instant 2 jam. Tapi dikirim malah 9 jam kemudian. App kocak, mending toko ijo",1
"shoppe sudah berubah... dulu tuh lancar banget pengiriman yang reguler pun cepat, tapi kenapa sekarang udah berubah?!... saya sudah pesan 2 barang tapi lambat banget bahkan saat sudah sampai di balikpapan malah dikembalikan lagi gara-gara telat, sia-sia aku nunggu sampai 1 bulanğŸ˜ ... skrng udah pesan 4 barang tapi masih sama! lambat, macet, nggak gerak... seriusan deh?! pasti ujung-ujungnya bakal dikembalikan lagi kaya yang pertama ğŸ˜¡ğŸ˜¡",2
Memuaskan buat belanja tapi semenjak menggunakan agen SPX paket saya malah bnyak yg te retur dengan alasan alamat saya yg tidak memenuhi syarat padahal alamat saya dari awal saya pesan tidak pernah salah selalu datang tepat waktu lebih baik kembali ke semula menggunakan agen JNT lebih simpel buat ngambil paket,4
"padahal jaringannnya bagus tapi kenapa sering gada jaringan untuk hal ini tolong lebih diperbaiki lagi kalo mau belanja kadang terganggu oleh hal ini, untuk pihak dari shopee lebih di perhatikan lagi",1
"Banyak yg bikin Shopee Video hanya demi cuan, tapi barang yg dijual sebenarnya tidak sesuai dengan barang yg diiklankan, terutama produk fashion, tolong dari pihak Shopee harus menindak hal seperti ini, agar pembeli tidak kecewa",2
Semua nya udah bagus dari apk nya hanya saja kurang di bagian pelolosan penjual... Kaya apa sih sekarang tu malah banyak banget penipuan dari apk shopee kemaren pesan gamis pas dateng malah baju bekas... Kecewa banget... Dan berdampak sampai sekarang kalo beli di shopee suka mikir mikir dulu takut kalo penipuan lagi,1
"Sinyal sangat berat,, tambah jelek sinyalnya. Mau pindah kehalaman pembayaran loading sangat lama. Chat dengan shopi juga tidak di klik",1
"tadi nya males download apk Shopee berhubungan ada yang mau di beli lewat online akhirnya download Shopee eh beli barang barang di Shopee bagus bagus trus murah murah lagi dan enak nya di Shopee itu ada COD cek dulu, jadi kalau barang nya ngga sesuai bisa di balikin lagi pokonya mah ngga nyesel beli sesuatu di Shopee",5
"kenapa shopee baru ada gratis ongkir kalo pas tanggal sesuai bulan nya doang, mana udah gitu ditambah biaya apa lah apalah, bener bener kurang suka sihh. mana suka ngelag padahal penyimpanan dan kuota banyak!!!",4
"shopee sangat memudahkan belanja ,apalagi ada faslitas pay later ,belanja lebih mudah dan simpel..tambah lagi donk limit paylater nya hehe",5
"Makin kesini makin bagus, barang & sellernyapun makin bervariasi. Smoga kedepan makin banyak diskon & voucher nya. Untuk pengiriman jg mohon untuk ditingkatkan jgn malah makin lama aja.",5
